{"cameraMode":{"drawMode":0,"name":"Shaded","section":"Shading Mode"},"sceneLighting":false,"audioPlay":false,"sceneViewState":{"m_AlwaysRefresh":false,"showFog":true,"showSkybox":false,"showFlares":true,"showImageEffects":true,"showParticleSystems":true,"showVisualEffectGraphs":true,"m_FxEnabled":true},"in2DMode":false,"pivot":{"x":-1.1362260580062867,"y":-0.03434956073760986,"z":-4.2488861083984379},"rotation":{"x":0.09102063626050949,"y":-0.6169446706771851,"z":0.07213447242975235,"w":0.7784018516540527},"size":1.5149255990982056,"orthographic":false}